Kind,ReceivedTime,ParsedTime,EnqueuedTime,DequeuedTime,AskedTime,RepliedTime,RespondedTime
read,7818061088687,7818061191287,7818061326487,7818061362387,7818061627287,7818062996887,7818063037687
read,7818128842387,7818128845387,7818128857187,7818128893387,7818128918687,7818129237087,7818129253687
read,7818199389487,7818199391287,7818199398987,7818199438387,7818199460987,7818200127587,7818200144987
read,7818264356187,7818264358287,7818264369887,7818264404687,7818264429387,7818264804187,7818264815887
read,7818326745987,7818326747687,7818326755187,7818326777487,7818326785587,7818327096987,7818327107287
read,7818385600987,7818385602687,7818385611987,7818385691587,7818385703987,7818386155087,7818386165887
read,7818447386587,7818447388187,7818447396387,7818447414987,7818447434487,7818447738587,7818447752587
read,7818518894287,7818518896487,7818518907887,7818519102087,7818519116887,7818519528887,7818519539487
read,7818621468887,7818621470687,7818621478087,7818621507587,7818621516487,7818621745387,7818621754387
read,7818699019487,7818699021287,7818699063187,7818699034487,7818699049287,7818699515787,7818699528487
read,7818762685187,7818762687287,7818762698687,7818762708487,7818762720687,7818763465187,7818763471487
read,7818834889887,7818834891687,7818834901987,7818834909787,7818834919087,7818835335487,7818835345187
read,7818902534087,7818902536087,7818902546887,7818902555987,7818902567387,7818902935587,7818902959087
read,7818970141087,7818970143087,7818970153687,7818970179687,7818970188687,7818970800087,7818970808287
read,7819028478387,7819028480387,7819028491487,7819028545587,7819028558787,7819028899787,7819028909187
read,7819116830187,7819116832187,7819116842887,7819116854087,7819116869287,7819117423987,7819117435087
read,7819188359087,7819188361087,7819188371287,7819188380887,7819188390987,7819189728987,7819189735087
read,7819258966087,7819258967987,7819258978487,7819258990687,7819259008787,7819259400887,7819259412587
read,7819329584487,7819329586087,7819329627787,7819329599787,7819329614687,7819329961487,7819329973687
read,7819405141387,7819405143187,7819405150787,7819405167787,7819405174587,7819406137987,7819406160287
read,7819479144087,7819479146087,7819479155987,7819479165987,7819479179187,7819479670087,7819479692787
read,7819550109387,7819550110987,7819550118587,7819550128987,7819550143887,7819550581087,7819550593187
read,7819613205487,7819613209787,7819613230487,7819613250187,7819613273787,7819613625787,7819613634387
read,7819686323587,7819686325787,7819686336087,7819686368787,7819686385087,7819687875787,7819687889687
read,7819750233987,7819750235787,7819750244187,7819750254987,7819750267287,7819750985087,7819750993087
read,7819812917787,7819812919887,7819812965587,7819812934887,7819812951287,7819813343987,7819813356087
read,7819872040487,7819872042187,7819872051787,7819872062287,7819872075587,7819872371387,7819872381687
read,7819943819987,7819943822087,7819943831987,7819943864187,7819943880387,7819944467187,7819944481187
read,7820004319187,7820004321187,7820004331887,7820004339587,7820004349487,7820004729287,7820004741487
read,7820056828287,7820056832287,7820056853487,7820056871687,7820056894987,7820057367887,7820057379387
read,7820189508087,7820189509787,7820189516687,7820189536487,7820189542887,7820190214887,7820190224587
read,7820253612387,7820253614387,7820253623887,7820253637587,7820253648687,7820254134087,7820254141387
read,7820324834487,7820324836087,7820324844187,7820324852287,7820324861087,7820325149987,7820325155887
read,7820390256487,7820390258487,7820390268787,7820390280087,7820390295487,7820390975287,7820390987387
read,7820508910687,7820508942287,7820508951587,7820508963787,7820508979087,7820509904087,7820509913587
read,7820582484587,7820582486687,7820582538287,7820582498887,7820582523687,7820582786087,7820582795287
read,7820638886087,7820638887887,7820638917787,7820638896687,7820638905787,7820639417187,7820639426587
read,7820751842187,7820751844087,7820751875487,7820751853787,7820751862787,7820752177787,7820752187487
read,7820810934787,7820810936887,7820810971287,7820810946887,7820810958887,7820811355787,7820811364187
read,7820866525487,7820866526987,7820866554987,7820866536287,7820866543687,7820866910387,7820866915887
read,7820928064387,7820928066487,7820928103287,7820928077287,7820928089687,7820928349887,7820928359687
read,7821010290687,7821010292187,7821010325087,7821010302587,7821010311887,7821010803787,7821010810387
read,7821070283987,7821070285787,7821070316687,7821070295187,7821070304287,7821070868487,7821070876287
read,7821123895687,7821123897387,7821123929587,7821123908087,7821123917387,7821124294687,7821124302187
read,7821180356287,7821180358287,7821180390487,7821180367387,7821180377487,7821180763887,7821180772587
read,7821232064587,7821232066687,7821232104587,7821232078487,7821232091087,7821263802387,7821263811887
read,7821321501887,7821321503587,7821321533887,7821321513787,7821321522287,7821322686087,7821322743687
read,7821375415887,7821375417387,7821375447687,7821375428087,7821375435887,7821375873087,7821375878687
read,7821443211687,7821443213787,7821443251687,7821443225987,7821443238587,7821443557587,7821443563087
read,7821508674287,7821508675787,7821508679287,7821508699387,7821508714187,7821509097487,7821509109287
read,7821568619687,7821568621687,7821568632487,7821568644087,7821568660087,7821569185887,7821569197787
read,7821628081287,7821628083287,7821628093087,7821628101987,7821628113287,7821699733187,7821699768787
read,7821753585387,7821753587387,7821753597287,7821753614987,7821753627987,7821753960987,7821753971687
read,7821818279787,7821818281787,7821818290287,7821818296787,7821818304187,7821818582687,7821818590487
read,7821876451887,7821876453887,7821876464587,7821876475087,7821876488587,7821876777987,7821876792487
read,7821942992687,7821942996887,7821943017487,7821943036587,7821943071587,7821944099687,7821944111487
read,7822002315787,7822002317387,7822002325587,7822002333287,7822002342187,7822002722787,7822002728987
read,7822069555287,7822069556987,7822069565487,7822069578887,7822069585287,7822113804387,7822113824987
read,7822173481587,7822173483387,7822173493287,7822173502387,7822173513487,7822173930187,7822173939687
read,7822236659687,7822236661687,7822236671787,7822236681587,7822236693587,7822237203687,7822237213487
read,7822308126087,7822308127887,7822308136587,7822308148387,7822308165287,7822308420987,7822308439887
read,7822371300787,7822371302887,7822371339787,7822371313287,7822371326687,7822371663287,7822371676387
read,7822437336487,7822437338387,7822437347987,7822437360887,7822437373587,7822437874387,7822437883187
read,7822490529687,7822490531887,7822490569987,7822490542387,7822490556287,7822491045687,7822491055787
read,7822554778387,7822554780287,7822554819887,7822554794287,7822554809387,7822555147187,7822555158087
read,7822612130387,7822612132487,7822612142487,7822612149887,7822612158987,7822612390787,7822612398887
read,7822727478587,7822727480587,7822727521987,7822727493287,7822727507887,7822727845887,7822727856987
read,7822786447587,7822786449687,7822786459987,7822786469287,7822786479787,7822787022687,7822787034387
read,7822843729287,7822843731387,7822843741187,7822843749687,7822843759587,7822844329087,7822844334987
read,7822902145587,7822902147087,7822902156187,7822902163887,7822902173087,7822902547287,7822902553787
read,7822963479687,7822963481387,7822963488287,7822963496087,7822963502087,7822963874187,7822963885187
read,7823018366087,7823018367787,7823018406387,7823018380487,7823018393287,7823022012887,7823022025987
read,7823082737587,7823082739887,7823082748787,7823082756887,7823082764987,7823083075287,7823083082887
read,7823139234087,7823139236187,7823139246387,7823139254287,7823139263487,7823139521387,7823139527187
read,7823245330187,7823245332587,7823245377987,7823245346487,7823245363987,7823245903887,7823245923487
read,7823309880187,7823309882187,7823309891887,7823309900087,7823309910187,7823310327287,7823310331787
read,7823370180887,7823370182887,7823370192587,7823370201587,7823370210487,7823370598587,7823370609587
read,7823429834487,7823429836387,7823429846387,7823429867087,7823429877487,7823430199087,7823430208687
read,7823486164087,7823486169887,7823486221987,7823486202587,7823486209887,7823486645987,7823486658987
read,7823548077387,7823548078987,7823548085987,7823548105987,7823548112587,7823548432987,7823548443987
read,7823612737187,7823612739087,7823612749187,7823612758587,7823612771187,7823613165687,7823613176687
read,7823672236087,7823672238187,7823672248387,7823672258287,7823672270387,7823672538487,7823672545587
read,7823742433287,7823742435387,7823742445487,7823742453887,7823742462887,7823742776687,7823742781787
read,7823803154487,7823803156187,7823803185287,7823803167087,7823803176987,7823803536587,7823803549687
read,7823867072687,7823867074587,7823867083887,7823867093787,7823867103987,7823867561687,7823867574187
read,7823929710487,7823929712487,7823929721987,7823929731687,7823929742787,7823930118287,7823930127487
read,7824060518887,7824060520887,7824060531287,7824060543187,7824060562987,7824060927787,7824060936687
read,7824133222987,7824133225087,7824133234987,7824133244787,7824133255987,7824133640187,7824133648987
read,7824196242787,7824196244887,7824196255787,7824196267287,7824196279987,7824196884187,7824196892887
read,7824261681187,7824261682787,7824261691987,7824261705487,7824261718787,7824262289287,7824262299387
read,7824325378187,7824325380287,7824325390587,7824325400587,7824325412987,7824325825487,7824325834287
read,7824384229087,7824384231087,7824384240787,7824384250087,7824384259987,7824384659487,7824384664887
read,7824441794487,7824441796387,7824441805087,7824441813687,7824441821487,7824442080787,7824442087087
read,7824503497187,7824503499287,7824503509587,7824503519487,7824503531987,7824504109587,7824504120687
read,7824565148287,7824565150087,7824565159487,7824565195587,7824565212687,7824565562387,7824565573387
read,7824627459287,7824627460787,7824627501687,7824627471987,7824627490287,7824627772487,7824627781787
read,7824695720787,7824695722887,7824695757787,7824695734287,7824695745387,7824696153987,7824696161287
read,7824753918087,7824753919987,7824753952787,7824753929987,7824753939287,7824754684387,7824754692287
read,7824874831887,7824874833187,7824874864687,7824874843587,7824874851987,7824875257087,7824875263187
read,7824936569887,7824936571487,7824936605587,7824936581687,7824936593087,7824937089987,7824937101187
read,7824997238287,7824997239987,7824997249787,7824997283687,7824997300087,7824997574487,7824997584487
read,7825053180787,7825053182087,7825053191287,7825053224187,7825053239287,7825053484887,7825053493687
read,7825109457487,7825109459087,7825109496487,7825109471287,7825109483187,7825110174987,7825110193887
read,7825169711687,7825169713187,7825169746587,7825169724887,7825169733587,7825170240587,7825170250387
read,7825232679687,7825232680987,7825232707987,7825232689487,7825232696487,7825233106587,7825233119287
read,7825299830387,7825299831687,7825299864087,7825299844887,7825299852287,7825300124487,7825300138387
read,7825361931287,7825361932487,7825361959287,7825361941187,7825361947787,7825362478287,7825362485987
read,7825422265087,7825422266687,7825422302487,7825422277987,7825422289787,7825424199387,7825424205687
read,7825485720587,7825485721887,7825485761887,7825485741487,7825485749987,7825486181587,7825486202787
read,7825543516187,7825543519487,7825543588287,7825543540787,7825543564787,7825544067387,7825544076087
read,7825605713287,7825605714387,7825605740987,7825605724887,7825605733287,7825606170087,7825606178587
read,7825674656787,7825674658387,7825674718087,7825674679087,7825674691887,7825675360287,7825675366987
read,7825739211287,7825739212887,7825739241687,7825739222487,7825739232187,7825741125287,7825741134287
read,7825799861787,7825799863087,7825799889687,7825799871887,7825799879587,7825800130187,7825800138187
read,7825896506887,7825896508287,7825896542887,7825896518987,7825896529987,7825896935187,7825896943587
read,7825951463687,7825951464987,7825951493487,7825951474287,7825951481387,7825952039687,7825952044687
read,7826019474887,7826019476487,7826019510387,7826019487687,7826019496787,7826020016687,7826020025887
read,7826077165187,7826077166587,7826077194787,7826077175587,7826077182487,7826077623287,7826077637987
read,7826139570087,7826139571287,7826139602987,7826139581587,7826139590087,7826140044287,7826140050887
read,7826198099887,7826198101187,7826198131087,7826198111687,7826198119387,7826199412687,7826199418387
read,7826269225787,7826269226987,7826269256587,7826269236987,7826269244587,7826270021187,7826270026787
read,7826333477887,7826333479187,7826333510987,7826333489687,7826333498687,7826333853487,7826333858887
read,7826379917187,7826379918387,7826379943787,7826379926187,7826379932587,7826380280387,7826380290587
read,7826434243687,7826434245187,7826434279887,7826434257087,7826434266987,7826434692587,7826434699287
read,7826485510487,7826485512187,7826485546587,7826485522687,7826485533587,7826485936887,7826485946087
read,7826538532087,7826538533387,7826538573287,7826538542987,7826538561087,7826538932187,7826538942587
read,7826591988287,7826591989687,7826592020887,7826591999987,7826592008887,7826592261487,7826592267787
read,7826646106387,7826646107987,7826646138987,7826646117887,7826646126287,7826646647487,7826646652487
read,7826706141087,7826706142387,7826706171887,7826706152287,7826706158287,7826706481087,7826706487887
read,7826768434487,7826768436387,7826768471187,7826768446587,7826768457387,7826769008587,7826769017287
read,7826825768387,7826825769887,7826825801887,7826825779787,7826825789087,7826826307387,7826826315787
read,7826931611787,7826931613087,7826931641787,7826931622887,7826931629887,7826932036287,7826932043587
read,7826981106087,7826981107587,7826981136487,7826981115487,7826981123687,7826981430787,7826981437987
read,7827035545287,7827035546887,7827035585087,7827035559587,7827035570387,7827036087787,7827036095887
read,7827086679787,7827086681087,7827086707787,7827086689387,7827086695987,7827086994287,7827086998887
read,7827145522987,7827145524387,7827145552687,7827145533787,7827145540787,7827145848187,7827145852887
read,7827200845887,7827200847287,7827200885787,7827200863287,7827200871487,7827201771687,7827201779387
read,7827260180787,7827260182087,7827260212487,7827260192187,7827260200187,7827260545087,7827260551687
read,7827322183587,7827322184987,7827322215187,7827322194787,7827322202387,7827322627887,7827322633587
read,7827377596587,7827377598187,7827377632387,7827377607387,7827377617887,7827378079687,7827378087587
read,7827437298787,7827437300087,7827437328887,7827437309687,7827437316787,7827437720687,7827437725887
read,7827492869687,7827492871187,7827492904087,7827492880787,7827492890487,7827493411787,7827493418987
read,7827551181487,7827551182887,7827551213087,7827551192087,7827551200487,7827551493387,7827551499187
read,7827611543187,7827611544387,7827611583687,7827611563987,7827611570787,7827612009687,7827612015787
read,7827676917787,7827676919287,7827676974587,7827676927387,7827676944987,7827677553587,7827677560187
read,7827738444987,7827738446487,7827738480687,7827738456587,7827738466887,7827738890587,7827738898587
read,7827803265587,7827803266887,7827803295887,7827803276387,7827803283787,7827803825587,7827803832187
read,7827860916987,7827860918287,7827860944787,7827860926287,7827860932187,7827861349687,7827861354987
read,7827926201187,7827926202487,7827926224687,7827926211387,7827926217687,7827926712487,7827926722487
read,7827991741087,7827991742487,7827991794987,7827991752187,7827991761587,7827991970687,7827991976887
read,7828057119587,7828057120787,7828057144687,7828057130187,7828057136687,7828057664887,7828057671987
read,7828120384287,7828120385587,7828120410487,7828120394587,7828120401487,7828120873087,7828120878287
read,7828205115287,7828205116787,7828205150187,7828205127087,7828205136587,7828205449487,7828205454487
read,7828268995687,7828268997287,7828269031487,7828269007187,7828269017787,7828269441487,7828269451387
read,7828332183387,7828332184687,7828332210587,7828332192587,7828332199087,7828332671287,7828332679287
read,7828391670887,7828391672187,7828391701087,7828391682387,7828391689387,7828392720787,7828392730787
read,7828451443787,7828451445287,7828451472687,7828451454287,7828451461087,7828451935987,7828451941787
read,7828519171087,7828519172687,7828519207987,7828519182987,7828519194087,7828519606187,7828519616487
read,7828582914687,7828582915987,7828582944987,7828582923987,7828582931587,7828583648787,7828583658787
read,7828651560987,7828651562287,7828651590887,7828651571387,7828651578287,7828651864387,7828651868987
read,7828715976687,7828715978387,7828716022187,7828715998387,7828716009187,7828716755587,7828716762987
read,7828783119187,7828783120687,7828783154387,7828783130287,7828783140687,7828783549687,7828783559587
read,7828845044787,7828845045987,7828845071087,7828845053687,7828845059787,7828845617287,7828845624987
read,7828903081787,7828903083287,7828903113787,7828903091587,7828903099487,7828903416887,7828903422987
read,7828954502287,7828954503487,7828954530087,7828954511787,7828954518087,7828955617587,7828955623187
read,7829013793387,7829013794687,7829013821887,7829013802787,7829013809087,7829014283487,7829014289387
read,7829078722687,7829078723987,7829078750787,7829078731587,7829078738287,7829079983487,7829079990987
read,7829142131487,7829142132687,7829142157787,7829142140687,7829142146687,7829142922187,7829142930787
read,7829203036187,7829203037787,7829203072387,7829203047787,7829203058787,7829203481087,7829203491887
read,7829272145087,7829272146587,7829272179287,7829272155387,7829272165487,7829272597087,7829272606887
read,7829325060887,7829325062087,7829325090687,7829325071587,7829325078687,7829325795687,7829325803887
read,7829387248287,7829387249987,7829387279187,7829387258087,7829387266487,7829387813487,7829387820887
read,7829447289487,7829447290787,7829447328687,7829447299487,7829447306487,7829447915187,7829447920287
read,7829515954787,7829515956087,7829515983887,7829515965487,7829515972387,7829516585787,7829516590787
read,7829575358287,7829575360287,7829575395587,7829575369687,7829575380987,7829575702987,7829575709787
read,7829632814287,7829632815587,7829632841387,7829632823287,7829632829187,7829633708287,7829633713487
read,7829697388887,7829697390387,7829697418687,7829697398987,7829697405487,7829699463087,7829699491987
read,7829754313587,7829754314887,7829754345687,7829754324287,7829754331687,7829755598587,7829755605487
read,7829817615887,7829817617787,7829817660787,7829817627187,7829817637687,7829818050987,7829818061387
read,7829884345987,7829884347887,7829884383287,7829884358287,7829884369087,7829884751587,7829884757487
read,7829945433687,7829945435187,7829945465487,7829945443387,7829945452087,7829945815387,7829945821287
read,7830007229387,7830007230887,7830007264287,7830007240287,7830007250987,7830007592187,7830007599087
read,7830066231087,7830066232687,7830066261387,7830066240787,7830066248487,7830066652887,7830066660987
read,7830127087887,7830127089387,7830127121687,7830127098087,7830127108187,7830128285887,7830128292787
read,7830185528187,7830185529787,7830185562487,7830185538687,7830185548687,7830185943187,7830185952487
read,7830247207887,7830247209487,7830247242487,7830247218487,7830247228887,7830247567687,7830247574487
read,7830309456587,7830309457887,7830309483887,7830309465287,7830309470987,7830309827487,7830309833487
read,7830369805987,7830369807487,7830369847587,7830369815887,7830369834987,7830370185787,7830370203587
read,7830432910787,7830432912287,7830432941987,7830432921387,7830432928387,7830433580787,7830433591187
read,7830498212487,7830498213987,7830498244187,7830498223087,7830498231187,7830498680587,7830498688087
read,7830553599087,7830553600387,7830553628287,7830553609387,7830553616087,7830553989987,7830553995087
read,7830615668887,7830615670087,7830615697387,7830615679387,7830615685387,7830616317187,7830616327487
read,7830677828687,7830677830487,7830677866187,7830677841587,7830677851187,7830680723087,7830680730987
read,7830751141387,7830751142587,7830751170787,7830751151787,7830751158787,7830752087087,7830752092087
read,7830822093087,7830822094687,7830822125387,7830822103287,7830822111887,7830822579087,7830822589587
read,7830879161687,7830879163087,7830879189687,7830879171287,7830879178087,7830879812787,7830879818087
read,7830949619887,7830949621387,7830949650187,7830949631887,7830949640387,7830949941487,7830949948087
read,7831013412887,7831013414287,7831013444987,7831013425187,7831013436287,7831013761087,7831013766487
read,7831074531687,7831074533387,7831074564387,7831074544287,7831074555687,7831075423387,7831075433587
read,7831132170287,7831132171487,7831132195387,7831132179487,7831132185787,7831132580987,7831132602787
read,7831187309487,7831187310587,7831187332487,7831187318687,7831187324587,7831188810287,7831188815787
read,7831249848787,7831249850087,7831249881487,7831249864987,7831249873187,7831250191787,7831250199587
read,7831315942087,7831315943487,7831315972087,7831315951887,7831315959887,7831316208287,7831316212987
read,7831372248487,7831372249687,7831372279887,7831372259187,7831372265687,7831372580287,7831372588287
read,7831430232987,7831430234587,7831430271187,7831430246087,7831430257187,7831430854787,7831430862187
read,7831493342787,7831493344287,7831493377487,7831493355187,7831493364387,7831493750487,7831493758487
read,7831557528687,7831557530087,7831557558287,7831557537987,7831557545187,7831559681187,7831559691587
read,7831618724387,7831618725687,7831618758887,7831618735887,7831618745187,7831619319187,7831619327987
read,7831693628387,7831693630087,7831693660587,7831693639787,7831693647587,7831694393787,7831694417887
read,7831758660087,7831758661387,7831758689187,7831758669287,7831758676587,7831759595787,7831759605587
read,7831841273487,7831841275387,7831841313887,7831841288287,7831841299887,7831841856087,7831841873587
read,7831915932187,7831915933887,7831915969087,7831915943587,7831915954587,7831918822387,7831918833087
read,7831984263287,7831984264787,7831984294987,7831984273087,7831984281087,7831984657487,7831984663787
read,7832040794087,7832040795287,7832040823087,7832040804287,7832040811187,7832041786687,7832041794887
read,7832111703487,7832111704787,7832111734687,7832111714087,7832111721187,7832111994987,7832112001587
read,7832175208487,7832175209787,7832175237887,7832175219187,7832175225987,7832176172187,7832176177987
read,7832252230987,7832252232587,7832252268087,7832252243487,7832252253687,7832252529887,7832252537787
read,7832310347587,7832310349187,7832310381587,7832310358787,7832310367987,7832310897587,7832310905387
read,7832372487387,7832372488587,7832372518187,7832372497387,7832372505187,7832372989587,7832372998087
read,7832443864487,7832443866187,7832443902287,7832443877587,7832443888087,7832444279787,7832444287487
read,7832507738587,7832507740187,7832507775587,7832507750687,7832507761887,7832508154387,7832508164687
read,7832562550387,7832562551687,7832562580587,7832562559987,7832562567487,7832562961787,7832562969487
read,7832621035987,7832621037587,7832621069687,7832621047387,7832621055387,7832621352287,7832621358787
read,7832676428187,7832676429687,7832676463487,7832676439687,7832676449687,7832678134387,7832678182987
read,7832740495787,7832740497087,7832740527287,7832740506987,7832740514887,7832740865287,7832740870187
read,7832799726687,7832799728287,7832799762487,7832799737687,7832799748687,7832800105587,7832800114087
read,7832859288887,7832859290387,7832859326287,7832859300687,7832859311487,7832860475587,7832860486187
read,7832932989987,7832932991287,7832933018187,7832932999487,7832933005887,7832933486387,7832933494487
read,7832989522987,7832989524687,7832989559887,7832989533987,7832989545087,7832989847187,7832989854687
read,7833049516587,7833049518287,7833049551187,7833049527887,7833049536987,7833049940587,7833049947487
read,7833133449287,7833133450887,7833133487087,7833133461687,7833133472987,7833133757187,7833133764387
read,7833188441787,7833188443087,7833188470787,7833188451887,7833188458687,7833188864187,7833188872387
read,7833252031287,7833252032687,7833252061987,7833252041687,7833252048987,7833252489987,7833252496887
read,7833316118887,7833316120587,7833316156887,7833316131787,7833316143087,7833316446487,7833316454087
read,7833378039587,7833378040887,7833378066887,7833378048887,7833378054687,7833378407487,7833378412387
read,7833430512187,7833430513487,7833430558887,7833430521987,7833430538787,7833432383187,7833432391887
read,7833485800387,7833485801787,7833485831587,7833485811187,7833485817987,7833486727287,7833486736187
read,7833548963187,7833548964887,7833548973887,7833548983487,7833548995087,7833549387087,7833549399387
read,7833606849187,7833606850587,7833606857787,7833606866787,7833606874687,7833607411787,7833607419887
read,7833678729787,7833678731387,7833678740587,7833678748787,7833678756087,7833679345487,7833679354587
read,7833733411887,7833733413187,7833733420087,7833733429587,7833733440687,7833733711987,7833733719087
read,7833817406187,7833817407487,7833817413787,7833817426687,7833817433087,7833818850087,7833818855687
read,7833892402087,7833892403287,7833892410787,7833892419787,7833892428087,7833892791687,7833892801787
read,7833952100287,7833952101787,7833952110787,7833952118687,7833952125587,7833952372887,7833952380187
read,7834015247087,7834015248387,7834015254487,7834015268387,7834015274587,7834016043287,7834016048987
read,7834079015587,7834079016987,7834079023487,7834079043187,7834079051287,7834079694587,7834079704887
read,7834136248387,7834136249687,7834136255987,7834136273387,7834136279787,7834136699487,7834136710287
read,7834205752387,7834205754087,7834205763487,7834205772287,7834205782087,7834206504687,7834206509587
read,7834270761287,7834270762587,7834270768887,7834271514587,7834271524587,7834271844487,7834271851487
read,7834330019887,7834330021287,7834330027687,7834330041587,7834330048987,7834330498887,7834330506987
read,7834388237887,7834388239487,7834388245587,7834388257687,7834388263687,7834388527187,7834388546287
read,7834449618687,7834449620387,7834449629287,7834449752187,7834449758987,7834450332287,7834450342687
read,7834510147887,7834510149187,7834510156587,7834510165787,7834510174387,7834510597787,7834510603087
read,7834571152587,7834571154187,7834571163587,7834571171387,7834571178887,7834571439487,7834571444587
read,7834624595487,7834624597087,7834624605487,7834624683687,7834624689787,7834624961687,7834624969887
read,7834692624887,7834692639387,7834692648887,7834692659787,7834692670987,7834693173387,7834693178787
read,7834746762587,7834746764187,7834746773787,7834746782887,7834746793687,7834747605387,7834747610987
read,7834804460087,7834804461687,7834804470387,7834804479187,7834804489587,7834804968187,7834804973887
read,7834867818987,7834867820187,7834867828087,7834867836887,7834867845487,7834868126887,7834868132187
read,7834927736187,7834927737387,7834927743987,7834927763487,7834927769887,7834928269687,7834928276687
read,7834987993187,7834987994487,7834988001187,7834988040787,7834988050387,7834988683387,7834988691287
read,7835048430987,7835048432087,7835048442387,7835048450787,7835048459487,7835049665687,7835049682987
read,7835107909287,7835107910787,7835107919787,7835107926587,7835107933587,7835108236087,7835108243687
read,7835171739687,7835171741187,7835171750087,7835171760087,7835171774987,7835172317687,7835172322487
read,7835229508787,7835229510087,7835229517587,7835229526587,7835229537287,7835229780487,7835229786687
read,7835289866787,7835289868287,7835289877487,7835289887387,7835289902687,7835290203387,7835290218687
read,7835373997087,7835373998787,7835374007887,7835374015987,7835374024687,7835374433087,7835374437787
read,7835434608387,7835434610087,7835434619287,7835434627587,7835434636087,7835434924687,7835434930587
read,7835500045987,7835500047687,7835500056387,7835500064387,7835500072887,7835500430687,7835500437287
read,7835569320087,7835569321787,7835569330687,7835569340187,7835569350287,7835569871787,7835569879087
read,7835631246187,7835631247787,7835631256787,7835631336187,7835631345987,7835631822387,7835631840287
read,7835704162087,7835704163487,7835704170187,7835704181487,7835704188687,7835704751687,7835704758687
read,7835773176087,7835773177687,7835773186787,7835773196587,7835773206687,7835773589487,7835773599587
read,7835832372987,7835832374487,7835832381987,7835832442287,7835832452387,7835832850887,7835832859287
read,7835895919087,7835895920687,7835895929387,7835895939687,7835895950387,7835896428087,7835896434487
read,7835959303787,7835959307087,7835959325987,7835959344787,7835959416287,7835959866087,7835959871487
read,7836021325987,7836021327387,7836021333787,7836021348787,7836021355187,7836022135387,7836022145287
read,7836073997987,7836073999387,7836074005487,7836074013287,7836074018687,7836074372087,7836074384387
read,7836133828387,7836133829787,7836133836487,7836133850887,7836133857087,7836134365387,7836134373187
read,7836193361987,7836193363387,7836193371087,7836193379087,7836193386287,7836193752687,7836193758487
read,7836258724187,7836258725487,7836258731687,7836258755387,7836258765587,7836259163587,7836259173787
read,7836325062487,7836325064087,7836325072987,7836325081987,7836325092587,7836325977687,7836325982887
read,7836381117287,7836381118787,7836381125087,7836381135987,7836381142487,7836381458687,7836381467087
read,7836451759087,7836451760687,7836451780187,7836451806887,7836451817987,7836452121487,7836452127487
read,7836522100687,7836522102287,7836522111187,7836522120287,7836522129887,7836522523287,7836522533587
read,7836577844387,7836577845987,7836577854587,7836577863087,7836577873187,7836578321087,7836578325987
read,7836638264187,7836638267587,7836638286087,7836639593887,7836639605787,7836639864287,7836639871287
read,7836696241987,7836696243587,7836696252687,7836696260987,7836696268987,7836696502987,7836696508787
read,7836754045787,7836754047387,7836754056587,7836754066387,7836754076087,7836755327587,7836755337187
read,7836814224487,7836814226287,7836814235587,7836814255687,7836814266387,7836814557887,7836814563987
read,7836878345487,7836878346987,7836878355187,7836878364587,7836878375487,7836878980287,7836878988587
read,7836943753487,7836943754887,7836943761487,7836943796787,7836943802687,7836944180387,7836944188787
read,7837000660487,7837000661887,7837000668087,7837000681587,7837000687687,7837001083987,7837001094387
read,7837052347287,7837052348687,7837052354487,7837052367387,7837052373187,7837052669687,7837052677587
read,7837110201687,7837110207987,7837110216287,7837110281787,7837110287487,7837110757387,7837110762387
read,7837165777787,7837165778987,7837165784887,7837165799487,7837165805387,7837166682887,7837166692387
read,7837219991187,7837219992587,7837219998687,7837220013887,7837220019887,7837220452487,7837220460987
read,7837274116087,7837274117687,7837274126287,7837274135487,7837274146387,7837274657587,7837274662787
read,7837339243787,7837339245387,7837339254187,7837339262687,7837339272687,7837339806687,7837339814387
read,7837403942587,7837403945087,7837403958187,7837403978587,7837403989787,7837404578987,7837404589387
read,7837459347787,7837459348987,7837459354987,7837459369487,7837459375587,7837459824587,7837459832287
read,7837521303487,7837521304787,7837521312087,7837521320887,7837521331587,7837522342887,7837522347887
read,7837583961287,7837583962987,7837583971787,7837583980887,7837583991687,7837584366887,7837584377387
read,7837666161087,7837666162287,7837666168087,7837666183787,7837666189287,7837666574187,7837666584687
read,7837728191087,7837728192787,7837728201387,7837728209587,7837728219087,7837729602287,7837729609287
read,7837784527887,7837784529487,7837784549287,7837784558487,7837784569387,7837784951687,7837784956887
read,7837844147787,7837844149387,7837844157887,7837844219287,7837844225387,7837844689887,7837844706087
read,7837909220187,7837909222087,7837909230687,7837909249987,7837909260287,7837909610887,7837909616087
read,7837970478187,7837970479887,7837970488787,7837970497287,7837970506887,7837970905187,7837970910687
read,7838030346487,7838030348187,7838030357387,7838030364987,7838030373887,7838030850687,7838030860987
read,7838085512887,7838085514587,7838085523587,7838085532487,7838085542987,7838085985187,7838085991987
read,7838148049387,7838148050987,7838148059787,7838148068987,7838148087087,7838148332687,7838148340687
read,7838207420987,7838207422587,7838207432387,7838207442887,7838207454687,7838207775587,7838207782687
read,7838263801587,7838263803187,7838263812287,7838263820787,7838263830887,7838264179487,7838264189887
read,7838318942587,7838318944187,7838318953087,7838318961287,7838318969587,7838319430587,7838319435587
read,7838378022287,7838378023587,7838378029787,7838378037287,7838378045687,7838378316387,7838378322587
read,7838430585687,7838430586887,7838430587887,7838430636787,7838430641787,7838431031287,7838431047687
read,7838481182887,7838481184387,7838481193187,7838481201787,7838481212187,7838482141187,7838482158387
read,7838539995587,7838539998087,7838540015387,7838540033387,7838540058787,7838540899487,7838540910287
read,7838603379887,7838603381187,7838603389187,7838603397287,7838603405487,7838603941087,7838603948687
read,7838665282087,7838665283387,7838665289887,7838665306887,7838665314087,7838665879187,7838665884587
read,7838726377687,7838726379387,7838726388187,7838726395787,7838726404187,7838726697087,7838726702987
read,7838797398387,7838797399687,7838797405987,7838797419787,7838797426787,7838797819087,7838797827287
read,7838859028087,7838859029487,7838859036887,7838859045387,7838859052987,7838859400787,7838859408287
read,7838918119187,7838918120387,7838918130587,7838918145987,7838918156887,7838918700187,7838918710987
read,7838979075787,7838979077187,7838979083287,7838979093287,7838979099087,7838979398187,7838979406987
read,7839035590187,7839035591887,7839035601687,7839035610387,7839035617987,7839035949187,7839035955387
read,7839104820187,7839104821787,7839104830787,7839104839787,7839104849487,7839105507387,7839105512287
read,7839174990487,7839174991987,7839175000587,7839175009387,7839175019887,7839175467787,7839175475387
read,7839246435987,7839246437587,7839246446987,7839246456787,7839246466087,7839247364487,7839247369887
read,7839306753187,7839306754587,7839306762387,7839306769287,7839306776087,7839307229087,7839307234487
read,7839370541887,7839370543187,7839370549387,7839370566787,7839370572587,7839370908287,7839370929687
read,7839440017187,7839440018887,7839440027787,7839440037187,7839440047787,7839440456487,7839440461887
read,7839502501487,7839502503087,7839502513487,7839502524487,7839502535687,7839503012487,7839503017687
read,7839560260787,7839560261987,7839560269187,7839560276387,7839560281887,7839560583787,7839560591487
read,7839614428287,7839614429887,7839614436787,7839614445887,7839614453187,7839614850987,7839614857187
read,7839675267487,7839675268787,7839675274787,7839675285987,7839675292187,7839675938087,7839675957687
read,7839735069087,7839735070387,7839735076487,7839735089787,7839735095187,7839735794587,7839735804287
read,7839795381487,7839795382787,7839795389087,7839795404387,7839795410687,7839795752987,7839795773487
read,7839853034087,7839853035687,7839853044787,7839853053087,7839853060987,7839853683187,7839853691487
read,7839915526087,7839915527287,7839915533387,7839915551287,7839915557987,7839916687887,7839916709687
read,7839979659587,7839979660987,7839979669987,7839979680287,7839979695287,7839980856787,7839980862287
read,7840042246387,7840042247887,7840042256987,7840042266087,7840042275987,7840042765487,7840042773187
read,7840106038787,7840106039987,7840106046287,7840106061487,7840106068487,7840106434887,7840106445287
read,7840168595487,7840168606987,7840168614887,7840168624187,7840168632487,7840169043187,7840169048487
read,7840231985787,7840231986987,7840231993387,7840232009487,7840232015387,7840232322287,7840232329387
read,7840300649487,7840300650987,7840300659787,7840300667287,7840300674287,7840302319387,7840302324787
read,7840362088387,7840362089687,7840362095687,7840362103587,7840362109387,7840362482287,7840362491887
read,7840421249987,7840421251287,7840421258087,7840421265387,7840421272187,7840421513787,7840421518487
read,7840484164487,7840484165587,7840484171687,7840484185987,7840484192387,7840484450387,7840484456587
read,7840562110187,7840562111687,7840562119187,7840562128387,7840562137487,7840562536987,7840562542187
read,7840621793787,7840621795287,7840621802987,7840621835187,7840621844587,7840622215887,7840622222887
read,7840686908087,7840686909587,7840686918087,7840686927887,7840686937987,7840687387687,7840687392787
read,7840753695287,7840753696687,7840753702887,7840753715487,7840753720987,7840754184187,7840754195187
read,7840822651487,7840822652787,7840822666187,7840822676187,7840822683187,7840823413687,7840823422987
read,7840886831187,7840886832787,7840886841487,7840886849587,7840886856587,7840887783787,7840887789187
read,7840960752387,7840960764887,7840960774087,7840960784987,7840960795987,7840961227387,7840961235187
read,7841021410687,7841021412387,7841021420887,7841021430587,7841021441287,7841022628387,7841022634087
read,7841087294987,7841087296287,7841087305787,7841087323787,7841087340787,7841087829187,7841087839787
read,7841154401787,7841154403387,7841154411387,7841154418887,7841154425587,7841155093387,7841155103587
read,7841213723887,7841213725587,7841213734687,7841213754887,7841213766687,7841214538187,7841214543587
read,7841277208087,7841277209287,7841277215787,7841277223287,7841277230887,7841277610887,7841277618887
read,7841354876087,7841354877487,7841354883887,7841354920287,7841354927087,7841355379187,7841355385887
read,7841413694487,7841413696187,7841413705387,7841413714687,7841413725787,7841414318487,7841414339487
read,7841477396387,7841477397787,7841477403987,7841477418087,7841477424287,7841477836187,7841477843187
read,7841531325087,7841531326387,7841531332487,7841531347987,7841531353787,7841532181387,7841532191687
read,7841593072787,7841593073987,7841593079987,7841593088487,7841593097487,7841593834687,7841593839787
read,7841650093787,7841650095487,7841650104687,7841650123187,7841650131787,7841650541687,7841650549787
read,7841704665687,7841704666987,7841704672787,7841704684987,7841704690587,7841705069387,7841705079587
read,7841759452387,7841759454087,7841759462887,7841759471687,7841759481087,7841759926087,7841759930987
read,7841812192987,7841812194187,7841812200987,7841812207787,7841812214087,7841812698887,7841812713187
read,7841875206887,7841875208487,7841875217387,7841875224687,7841875233187,7841875558687,7841875570187
read,7841929705587,7841929708287,7841929721087,7841929769487,7841929782587,7841930135287,7841930145387
read,7841987851187,7841987853787,7841987866887,7841987914987,7841987920887,7841988193987,7841988200687
read,7842054646987,7842054648687,7842054657587,7842054674687,7842054684187,7842055092087,7842055102087
read,7842114085787,7842114087587,7842114097287,7842114162487,7842114168687,7842114534087,7842114544587
read,7842180677687,7842180678987,7842180681787,7842180724187,7842180736287,7842181466187,7842181476387
read,7842239299387,7842239301087,7842239310387,7842239319387,7842239329987,7842239694887,7842239699387
read,7842301967987,7842301969487,7842301978087,7842301986287,7842302005487,7842302430987,7842302446787
read,7842361434187,7842361435587,7842361438387,7842361450487,7842361460587,7842361711987,7842361718287
read,7842426424287,7842426425787,7842426434687,7842426448087,7842426464887,7842426924487,7842426933987
read,7842487348587,7842487350287,7842487358787,7842487369187,7842487377587,7842487728687,7842487739187
read,7842558467187,7842558470487,7842558487987,7842558549887,7842558574887,7842559357287,7842559367387
read,7842625808687,7842625810187,7842625818187,7842625828487,7842625838387,7842626175987,7842626182187
read,7842692323687,7842692324987,7842692331287,7842692493887,7842692501587,7842692952987,7842692973287
read,7842754826687,7842754828287,7842754837087,7842754845987,7842754856487,7842755139187,7842755147387
read,7842815250887,7842815252187,7842815258087,7842815270587,7842815276187,7842815673987,7842815683587
read,7842878132487,7842878133787,7842878140187,7842878153787,7842878159987,7842878784787,7842878792987
read,7842932876987,7842932878587,7842932887487,7842932899487,7842932909587,7842933813487,7842933823887
read,7843006728187,7843006729687,7843006738887,7843006746687,7843006762187,7843007143387,7843007148787
read,7843067736287,7843067737587,7843067743687,7843067777087,7843067787087,7843068069187,7843068076487
read,7843132266287,7843132267787,7843132276687,7843132285687,7843132296287,7843133506887,7843133513887
read,7843194660587,7843194662187,7843194672687,7843194680087,7843194690487,7843195205487,7843195210787
read,7843256666887,7843256668487,7843256677487,7843256685387,7843256693687,7843257249187,7843257259287
read,7843318048587,7843318050187,7843318059087,7843318071387,7843318081287,7843318928787,7843318950987
read,7843383885087,7843383886687,7843383895787,7843383904587,7843383912387,7843384288287,7843384298487
read,7843450984087,7843450985487,7843451022187,7843450995887,7843451008287,7843451386787,7843451398887
read,7843512380187,7843512381387,7843512387987,7843512423587,7843512433487,7843512820287,7843512825387
read,7843570539487,7843570541087,7843570549887,7843570559187,7843570567987,7843571091287,7843571098387
read,7843642745887,7843642747487,7843642756387,7843642766987,7843642777987,7843643254887,7843643260087
read,7843704752387,7843704753987,7843704763287,7843704771787,7843704779687,7843705232087,7843705239087
read,7843767101987,7843767103387,7843767111587,7843767274887,7843767284487,7843767745587,7843767750887
read,7843832843487,7843832844887,7843832851187,7843832860187,7843832865987,7843833275387,7843833285287
read,7843892262487,7843892264187,7843892273287,7843892280487,7843892288587,7843892659887,7843892669787
read,7843962176587,7843962178287,7843962186487,7843962200087,7843962213287,7843962685887,7843962698387
read,7844025348987,7844025350687,7844025359287,7844025371287,7844025387287,7844025697087,7844025704187
read,7844087290587,7844087292187,7844087301287,7844087328087,7844087338687,7844088071787,7844088081087
read,7844149345087,7844149346687,7844149355587,7844149364687,7844149382487,7844149633687,7844149642787
read,7844210015987,7844210017287,7844210034287,7844210057187,7844210063087,7844210790687,7844210801087
read,7844269214287,7844269215787,7844269224887,7844269235087,7844269245687,7844269643687,7844269653987
read,7844326778487,7844326779887,7844326788687,7844326797787,7844326808587,7844327243587,7844327248787
read,7844393365787,7844393367187,7844393373587,7844393388587,7844393394587,7844394072087,7844394081987
read,7844460774187,7844460775787,7844460784587,7844460806987,7844460817187,7844461255187,7844461261487
read,7844525277587,7844525280687,7844525299087,7844525316687,7844525351887,7844525825687,7844525831287
read,7844590918887,7844590920687,7844590932087,7844590939787,7844590946387,7844591219487,7844591225987
read,7844658554587,7844658555887,7844658562487,7844658578187,7844658584387,7844659220187,7844659230387
read,7844718500787,7844718502287,7844718511387,7844718519287,7844718527387,7844718774587,7844718780387
read,7844773724587,7844773726187,7844773735287,7844773744187,7844773753887,7844774099387,7844774105087
read,7844838039387,7844838040987,7844838050387,7844838059187,7844838068787,7844838410487,7844838415187
read,7844899632987,7844899634487,7844899640787,7844899654287,7844899660287,7844900038387,7844900047987
read,7844959043187,7844959044687,7844959050987,7844959058887,7844959065087,7844959665087,7844960341387
read,7845022891587,7845022893187,7845022902387,7845022912987,7845022923887,7845023216987,7845023223687
read,7845089309587,7845089311287,7845089320187,7845089329187,7845089339787,7845090305087,7845090315687
read,7845143091787,7845143093287,7845143099487,7845143111087,7845143117087,7845143464187,7845143474487
read,7845189859687,7845189861187,7845189869887,7845189878487,7845189888987,7845190308487,7845190313587
read,7845246868587,7845246869987,7845246876287,7845246892187,7845246898287,7845247226387,7845247236587
read,7845310894987,7845310896787,7845310906087,7845310914987,7845310925787,7845311190787,7845311197487
read,7845369224787,7845369226387,7845369235687,7845369244687,7845369255487,7845369669487,7845369674687
read,7845431389987,7845431391687,7845431401087,7845431408987,7845431416787,7845431874087,7845431880987
read,7845497856887,7845497858287,7845497865787,7845497875287,7845497885387,7845498383487,7845498388387
read,7845560447187,7845560448487,7845560451787,7845560462087,7845560472287,7845560828487,7845560846887
read,7845624631687,7845624633287,7845624642487,7845624650587,7845624659387,7845624953987,7845624964487
read,7845685819187,7845685820487,7845685827187,7845685843187,7845685850487,7845686138287,7845686145587
read,7845756232787,7845756234187,7845756265087,7845756243587,7845756252087,7845756601387,7845756606887
read,7845824557487,7845824559087,7845824594187,7845824568787,7845824580187,7845824904187,7845824912387
read,7845894817187,7845894818487,7845894849587,7845894828587,7845894836687,7845895194887,7845895199987
read,7845963247787,7845963249387,7845963281987,7845963259387,7845963268587,7845963545687,7845963554187
read,7846025814687,7846025816287,7846025848187,7846025825487,7846025834687,7846026371087,7846026378787
read,7846094153087,7846094154387,7846094181587,7846094162987,7846094170187,7846094913787,7846094919287
read,7846163019087,7846163020387,7846163030187,7846163046187,7846163062487,7846163528887,7846163539587
read,7846226346587,7846226348387,7846226396387,7846226358987,7846226369887,7846227063887,7846227069387
read,7846291123287,7846291124787,7846291155487,7846291133687,7846291142287,7846291519787,7846291530487
read,7846356506587,7846356508087,7846356544087,7846356518487,7846356529587,7846356952687,7846356963387
read,7846421612287,7846421613687,7846421643987,7846421623487,7846421630787,7846422012287,7846422017087
read,7846497820087,7846497821887,7846497872087,7846497848887,7846497857787,7846498520787,7846498529287
read,7846563057287,7846563058887,7846563091987,7846563069187,7846563077987,7846563391987,7846563401987
read,7846626764887,7846626766487,7846626801387,7846626777087,7846626786687,7846627123087,7846627129987
read,7846684954387,7846684955687,7846684964887,7846684982087,7846684997487,7846685535787,7846685546487
read,7846751362387,7846751364087,7846751400087,7846751374787,7846751386187,7846751860987,7846751870487
read,7846815095187,7846815096587,7846815129387,7846815106987,7846815116187,7846815535687,7846815541187
read,7846887876387,7846887877687,7846887884687,7846887907387,7846887920587,7846888424487,7846888431887
read,7846955364687,7846955366287,7846955524287,7846955547187,7846955565287,7846955918887,7846955928887
read,7847026834087,7847026835687,7847026843787,7847026852587,7847026860587,7847027673387,7847027683187
read,7847090861187,7847090862587,7847090868987,7847090883087,7847090889687,7847091348887,7847091358987
read,7847154973987,7847154975287,7847154981987,7847154996287,7847155002987,7847155294487,7847155301687
read,7847218117787,7847218119387,7847218128587,7847218145087,7847218163587,7847218760687,7847218771787
read,7847281312487,7847281314087,7847281323087,7847281331487,7847281339887,7847281803887,7847281809887
read,7847344164487,7847344166187,7847344175687,7847344192087,7847344207987,7847345022087,7847345027687
read,7847406589487,7847406590787,7847406596987,7847406615687,7847406622987,7847407243487,7847407253687
read,7847471069487,7847471071187,7847471081587,7847471091987,7847471103687,7847473739887,7847473745287
read,7847538477387,7847538478987,7847538488087,7847538497487,7847538506287,7847538977987,7847538988487
read,7847596776687,7847596778087,7847596784687,7847596796587,7847596803387,7847597124287,7847597134487
read,7847657623387,7847657624987,7847657634687,7847657644587,7847657655687,7847658130587,7847658135287
read,7847726470387,7847726471687,7847726478887,7847726492887,7847726500087,7847727887987,7847727894787
read,7847793593487,7847793595187,7847793604387,7847793615187,7847793625687,7847794078987,7847794086787
read,7847854704187,7847854705787,7847854714487,7847854724487,7847854733587,7847855218487,7847855223987
read,7847917102087,7847917103687,7847917112187,7847917121187,7847917132287,7847917369687,7847917376187
read,7847977719687,7847977721387,7847977730487,7847977753087,7847977763887,7847978156587,7847978163387
read,7848029041887,7848029043487,7848029052087,7848029061387,7848029069387,7848029561087,7848029571187
read,7848101100987,7848101102387,7848101110087,7848101117487,7848101124987,7848101424987,7848101432487
read,7848168482987,7848168485787,7848168494687,7848168503287,7848168513987,7848169818087,7848169823487
